<annotation>
	<folder>desktop images</folder>
	<filename>1.PNG</filename>
	<path>C:\Users\dell\Pictures\desktop images\1.PNG</path>
	<source>
		<database>Unknown</database>
	</source>
	<size>
		<width>944</width>
		<height>827</height>
		<depth>3</depth>
	</size>
	<segmented>0</segmented>
	<object>
		<name>desktop</name>
		<pose>Unspecified</pose>
		<truncated>1</truncated>
		<difficult>0</difficult>
		<bndbox>
			<xmin>2</xmin>
			<ymin>2</ymin>
			<xmax>944</xmax>
			<ymax>827</ymax>
		</bndbox>
	</object>
</annotation>
