<annotation>
	<folder>desktop images</folder>
	<filename>11.PNG</filename>
	<path>C:\Users\dell\Pictures\desktop images\11.PNG</path>
	<source>
		<database>Unknown</database>
	</source>
	<size>
		<width>867</width>
		<height>915</height>
		<depth>3</depth>
	</size>
	<segmented>0</segmented>
	<object>
		<name>desktop</name>
		<pose>Unspecified</pose>
		<truncated>1</truncated>
		<difficult>0</difficult>
		<bndbox>
			<xmin>19</xmin>
			<ymin>1</ymin>
			<xmax>867</xmax>
			<ymax>909</ymax>
		</bndbox>
	</object>
</annotation>
