<annotation>
	<folder>desktop images</folder>
	<filename>12.PNG</filename>
	<path>C:\Users\dell\Pictures\desktop images\12.PNG</path>
	<source>
		<database>Unknown</database>
	</source>
	<size>
		<width>920</width>
		<height>830</height>
		<depth>3</depth>
	</size>
	<segmented>0</segmented>
	<object>
		<name>desktop</name>
		<pose>Unspecified</pose>
		<truncated>1</truncated>
		<difficult>0</difficult>
		<bndbox>
			<xmin>14</xmin>
			<ymin>32</ymin>
			<xmax>920</xmax>
			<ymax>797</ymax>
		</bndbox>
	</object>
</annotation>
