<annotation>
	<folder>desktop images</folder>
	<filename>13.PNG</filename>
	<path>C:\Users\dell\Pictures\desktop images\13.PNG</path>
	<source>
		<database>Unknown</database>
	</source>
	<size>
		<width>890</width>
		<height>883</height>
		<depth>3</depth>
	</size>
	<segmented>0</segmented>
	<object>
		<name>desktop</name>
		<pose>Unspecified</pose>
		<truncated>1</truncated>
		<difficult>0</difficult>
		<bndbox>
			<xmin>3</xmin>
			<ymin>18</ymin>
			<xmax>890</xmax>
			<ymax>883</ymax>
		</bndbox>
	</object>
</annotation>
