<annotation>
	<folder>desktop images</folder>
	<filename>14.PNG</filename>
	<path>C:\Users\dell\Pictures\desktop images\14.PNG</path>
	<source>
		<database>Unknown</database>
	</source>
	<size>
		<width>570</width>
		<height>603</height>
		<depth>3</depth>
	</size>
	<segmented>0</segmented>
	<object>
		<name>desktop</name>
		<pose>Unspecified</pose>
		<truncated>1</truncated>
		<difficult>0</difficult>
		<bndbox>
			<xmin>1</xmin>
			<ymin>45</ymin>
			<xmax>563</xmax>
			<ymax>568</ymax>
		</bndbox>
	</object>
</annotation>
