<annotation>
	<folder>desktop images</folder>
	<filename>15.PNG</filename>
	<path>C:\Users\dell\Pictures\desktop images\15.PNG</path>
	<source>
		<database>Unknown</database>
	</source>
	<size>
		<width>940</width>
		<height>787</height>
		<depth>3</depth>
	</size>
	<segmented>0</segmented>
	<object>
		<name>desktop</name>
		<pose>Unspecified</pose>
		<truncated>1</truncated>
		<difficult>0</difficult>
		<bndbox>
			<xmin>11</xmin>
			<ymin>40</ymin>
			<xmax>940</xmax>
			<ymax>769</ymax>
		</bndbox>
	</object>
</annotation>
