<annotation>
	<folder>desktop images</folder>
	<filename>16.PNG</filename>
	<path>C:\Users\dell\Pictures\desktop images\16.PNG</path>
	<source>
		<database>Unknown</database>
	</source>
	<size>
		<width>895</width>
		<height>847</height>
		<depth>3</depth>
	</size>
	<segmented>0</segmented>
	<object>
		<name>desktop</name>
		<pose>Unspecified</pose>
		<truncated>1</truncated>
		<difficult>0</difficult>
		<bndbox>
			<xmin>19</xmin>
			<ymin>1</ymin>
			<xmax>873</xmax>
			<ymax>820</ymax>
		</bndbox>
	</object>
</annotation>
