<annotation>
	<folder>desktop images</folder>
	<filename>18.PNG</filename>
	<path>C:\Users\dell\Pictures\desktop images\18.PNG</path>
	<source>
		<database>Unknown</database>
	</source>
	<size>
		<width>706</width>
		<height>587</height>
		<depth>3</depth>
	</size>
	<segmented>0</segmented>
	<object>
		<name>desktop</name>
		<pose>Unspecified</pose>
		<truncated>0</truncated>
		<difficult>0</difficult>
		<bndbox>
			<xmin>40</xmin>
			<ymin>58</ymin>
			<xmax>688</xmax>
			<ymax>536</ymax>
		</bndbox>
	</object>
</annotation>
