<annotation>
	<folder>desktop images</folder>
	<filename>19.PNG</filename>
	<path>C:\Users\dell\Pictures\desktop images\19.PNG</path>
	<source>
		<database>Unknown</database>
	</source>
	<size>
		<width>828</width>
		<height>636</height>
		<depth>3</depth>
	</size>
	<segmented>0</segmented>
	<object>
		<name>desktop</name>
		<pose>Unspecified</pose>
		<truncated>1</truncated>
		<difficult>0</difficult>
		<bndbox>
			<xmin>1</xmin>
			<ymin>52</ymin>
			<xmax>820</xmax>
			<ymax>623</ymax>
		</bndbox>
	</object>
</annotation>
