<annotation>
	<folder>desktop images</folder>
	<filename>2.PNG</filename>
	<path>C:\Users\dell\Pictures\desktop images\2.PNG</path>
	<source>
		<database>Unknown</database>
	</source>
	<size>
		<width>906</width>
		<height>854</height>
		<depth>3</depth>
	</size>
	<segmented>0</segmented>
	<object>
		<name>desktop</name>
		<pose>Unspecified</pose>
		<truncated>1</truncated>
		<difficult>0</difficult>
		<bndbox>
			<xmin>1</xmin>
			<ymin>76</ymin>
			<xmax>897</xmax>
			<ymax>841</ymax>
		</bndbox>
	</object>
</annotation>
