<annotation>
	<folder>desktop images</folder>
	<filename>20.PNG</filename>
	<path>C:\Users\dell\Pictures\desktop images\20.PNG</path>
	<source>
		<database>Unknown</database>
	</source>
	<size>
		<width>944</width>
		<height>771</height>
		<depth>3</depth>
	</size>
	<segmented>0</segmented>
	<object>
		<name>desktop</name>
		<pose>Unspecified</pose>
		<truncated>1</truncated>
		<difficult>0</difficult>
		<bndbox>
			<xmin>1</xmin>
			<ymin>16</ymin>
			<xmax>944</xmax>
			<ymax>735</ymax>
		</bndbox>
	</object>
</annotation>
