<annotation>
	<folder>desktop images</folder>
	<filename>21.PNG</filename>
	<path>C:\Users\dell\Pictures\desktop images\21.PNG</path>
	<source>
		<database>Unknown</database>
	</source>
	<size>
		<width>1218</width>
		<height>923</height>
		<depth>3</depth>
	</size>
	<segmented>0</segmented>
	<object>
		<name>desktop</name>
		<pose>Unspecified</pose>
		<truncated>0</truncated>
		<difficult>0</difficult>
		<bndbox>
			<xmin>3</xmin>
			<ymin>12</ymin>
			<xmax>1208</xmax>
			<ymax>919</ymax>
		</bndbox>
	</object>
</annotation>
