<annotation>
	<folder>desktop images</folder>
	<filename>22.PNG</filename>
	<path>C:\Users\dell\Pictures\desktop images\22.PNG</path>
	<source>
		<database>Unknown</database>
	</source>
	<size>
		<width>944</width>
		<height>773</height>
		<depth>3</depth>
	</size>
	<segmented>0</segmented>
	<object>
		<name>desktop</name>
		<pose>Unspecified</pose>
		<truncated>1</truncated>
		<difficult>0</difficult>
		<bndbox>
			<xmin>4</xmin>
			<ymin>64</ymin>
			<xmax>944</xmax>
			<ymax>763</ymax>
		</bndbox>
	</object>
</annotation>
