<annotation>
	<folder>desktop images</folder>
	<filename>23.PNG</filename>
	<path>C:\Users\dell\Pictures\desktop images\23.PNG</path>
	<source>
		<database>Unknown</database>
	</source>
	<size>
		<width>938</width>
		<height>596</height>
		<depth>3</depth>
	</size>
	<segmented>0</segmented>
	<object>
		<name>desktop</name>
		<pose>Unspecified</pose>
		<truncated>0</truncated>
		<difficult>0</difficult>
		<bndbox>
			<xmin>2</xmin>
			<ymin>40</ymin>
			<xmax>936</xmax>
			<ymax>559</ymax>
		</bndbox>
	</object>
</annotation>
