<annotation>
	<folder>desktop images</folder>
	<filename>24.PNG</filename>
	<path>C:\Users\dell\Pictures\desktop images\24.PNG</path>
	<source>
		<database>Unknown</database>
	</source>
	<size>
		<width>1225</width>
		<height>554</height>
		<depth>3</depth>
	</size>
	<segmented>0</segmented>
	<object>
		<name>desktop</name>
		<pose>Unspecified</pose>
		<truncated>1</truncated>
		<difficult>0</difficult>
		<bndbox>
			<xmin>260</xmin>
			<ymin>7</ymin>
			<xmax>906</xmax>
			<ymax>554</ymax>
		</bndbox>
	</object>
</annotation>
