<annotation>
	<folder>desktop images</folder>
	<filename>25.PNG</filename>
	<path>C:\Users\dell\Pictures\desktop images\25.PNG</path>
	<source>
		<database>Unknown</database>
	</source>
	<size>
		<width>1241</width>
		<height>899</height>
		<depth>3</depth>
	</size>
	<segmented>0</segmented>
	<object>
		<name>desktop</name>
		<pose>Unspecified</pose>
		<truncated>0</truncated>
		<difficult>0</difficult>
		<bndbox>
			<xmin>60</xmin>
			<ymin>35</ymin>
			<xmax>1219</xmax>
			<ymax>878</ymax>
		</bndbox>
	</object>
</annotation>
