<annotation>
	<folder>desktop images</folder>
	<filename>26.PNG</filename>
	<path>C:\Users\dell\Pictures\desktop images\26.PNG</path>
	<source>
		<database>Unknown</database>
	</source>
	<size>
		<width>943</width>
		<height>926</height>
		<depth>3</depth>
	</size>
	<segmented>0</segmented>
	<object>
		<name>desktop</name>
		<pose>Unspecified</pose>
		<truncated>0</truncated>
		<difficult>0</difficult>
		<bndbox>
			<xmin>3</xmin>
			<ymin>21</ymin>
			<xmax>942</xmax>
			<ymax>921</ymax>
		</bndbox>
	</object>
</annotation>
