<annotation>
	<folder>desktop images</folder>
	<filename>27.PNG</filename>
	<path>C:\Users\dell\Pictures\desktop images\27.PNG</path>
	<source>
		<database>Unknown</database>
	</source>
	<size>
		<width>1255</width>
		<height>838</height>
		<depth>3</depth>
	</size>
	<segmented>0</segmented>
	<object>
		<name>desktop</name>
		<pose>Unspecified</pose>
		<truncated>1</truncated>
		<difficult>0</difficult>
		<bndbox>
			<xmin>79</xmin>
			<ymin>72</ymin>
			<xmax>1210</xmax>
			<ymax>838</ymax>
		</bndbox>
	</object>
</annotation>
