<annotation>
	<folder>desktop images</folder>
	<filename>28.PNG</filename>
	<path>C:\Users\dell\Pictures\desktop images\28.PNG</path>
	<source>
		<database>Unknown</database>
	</source>
	<size>
		<width>623</width>
		<height>575</height>
		<depth>3</depth>
	</size>
	<segmented>0</segmented>
	<object>
		<name>desktop</name>
		<pose>Unspecified</pose>
		<truncated>0</truncated>
		<difficult>0</difficult>
		<bndbox>
			<xmin>4</xmin>
			<ymin>88</ymin>
			<xmax>617</xmax>
			<ymax>515</ymax>
		</bndbox>
	</object>
</annotation>
