<annotation>
	<folder>desktop images</folder>
	<filename>29.PNG</filename>
	<path>C:\Users\dell\Pictures\desktop images\29.PNG</path>
	<source>
		<database>Unknown</database>
	</source>
	<size>
		<width>1212</width>
		<height>639</height>
		<depth>3</depth>
	</size>
	<segmented>0</segmented>
	<object>
		<name>desktop</name>
		<pose>Unspecified</pose>
		<truncated>0</truncated>
		<difficult>0</difficult>
		<bndbox>
			<xmin>303</xmin>
			<ymin>118</ymin>
			<xmax>859</xmax>
			<ymax>560</ymax>
		</bndbox>
	</object>
</annotation>
