<annotation>
	<folder>desktop images</folder>
	<filename>3.PNG</filename>
	<path>C:\Users\dell\Pictures\desktop images\3.PNG</path>
	<source>
		<database>Unknown</database>
	</source>
	<size>
		<width>922</width>
		<height>926</height>
		<depth>3</depth>
	</size>
	<segmented>0</segmented>
	<object>
		<name>desktop</name>
		<pose>Unspecified</pose>
		<truncated>0</truncated>
		<difficult>0</difficult>
		<bndbox>
			<xmin>5</xmin>
			<ymin>10</ymin>
			<xmax>920</xmax>
			<ymax>905</ymax>
		</bndbox>
	</object>
</annotation>
