<annotation>
	<folder>desktop images</folder>
	<filename>30.PNG</filename>
	<path>C:\Users\dell\Pictures\desktop images\30.PNG</path>
	<source>
		<database>Unknown</database>
	</source>
	<size>
		<width>1135</width>
		<height>909</height>
		<depth>3</depth>
	</size>
	<segmented>0</segmented>
	<object>
		<name>desktop</name>
		<pose>Unspecified</pose>
		<truncated>0</truncated>
		<difficult>0</difficult>
		<bndbox>
			<xmin>112</xmin>
			<ymin>8</ymin>
			<xmax>1129</xmax>
			<ymax>900</ymax>
		</bndbox>
	</object>
</annotation>
