<annotation>
	<folder>desktop images</folder>
	<filename>4.PNG</filename>
	<path>C:\Users\dell\Pictures\desktop images\4.PNG</path>
	<source>
		<database>Unknown</database>
	</source>
	<size>
		<width>1289</width>
		<height>860</height>
		<depth>3</depth>
	</size>
	<segmented>0</segmented>
	<object>
		<name>desktop</name>
		<pose>Unspecified</pose>
		<truncated>0</truncated>
		<difficult>0</difficult>
		<bndbox>
			<xmin>30</xmin>
			<ymin>30</ymin>
			<xmax>1277</xmax>
			<ymax>851</ymax>
		</bndbox>
	</object>
</annotation>
