<annotation>
	<folder>desktop images</folder>
	<filename>5.PNG</filename>
	<path>C:\Users\dell\Pictures\desktop images\5.PNG</path>
	<source>
		<database>Unknown</database>
	</source>
	<size>
		<width>698</width>
		<height>646</height>
		<depth>3</depth>
	</size>
	<segmented>0</segmented>
	<object>
		<name>desktop</name>
		<pose>Unspecified</pose>
		<truncated>0</truncated>
		<difficult>0</difficult>
		<bndbox>
			<xmin>6</xmin>
			<ymin>72</ymin>
			<xmax>694</xmax>
			<ymax>603</ymax>
		</bndbox>
	</object>
</annotation>
