<annotation>
	<folder>desktop images</folder>
	<filename>7.PNG</filename>
	<path>C:\Users\dell\Pictures\desktop images\7.PNG</path>
	<source>
		<database>Unknown</database>
	</source>
	<size>
		<width>1376</width>
		<height>877</height>
		<depth>3</depth>
	</size>
	<segmented>0</segmented>
	<object>
		<name>desktop</name>
		<pose>Unspecified</pose>
		<truncated>1</truncated>
		<difficult>0</difficult>
		<bndbox>
			<xmin>16</xmin>
			<ymin>27</ymin>
			<xmax>1376</xmax>
			<ymax>794</ymax>
		</bndbox>
	</object>
</annotation>
