<annotation>
	<folder>desktop images</folder>
	<filename>8.PNG</filename>
	<path>C:\Users\dell\Pictures\desktop images\8.PNG</path>
	<source>
		<database>Unknown</database>
	</source>
	<size>
		<width>937</width>
		<height>801</height>
		<depth>3</depth>
	</size>
	<segmented>0</segmented>
	<object>
		<name>desktop</name>
		<pose>Unspecified</pose>
		<truncated>1</truncated>
		<difficult>0</difficult>
		<bndbox>
			<xmin>6</xmin>
			<ymin>27</ymin>
			<xmax>937</xmax>
			<ymax>775</ymax>
		</bndbox>
	</object>
</annotation>
