<annotation>
	<folder>desktop images</folder>
	<filename>102.jpg</filename>
	<path>C:\Users\dell\Pictures\desktop images\102.jpg</path>
	<source>
		<database>Unknown</database>
	</source>
	<size>
		<width>262</width>
		<height>218</height>
		<depth>3</depth>
	</size>
	<segmented>0</segmented>
	<object>
		<name>desktop</name>
		<pose>Unspecified</pose>
		<truncated>0</truncated>
		<difficult>0</difficult>
		<bndbox>
			<xmin>87</xmin>
			<ymin>3</ymin>
			<xmax>257</xmax>
			<ymax>176</ymax>
		</bndbox>
	</object>
</annotation>
