<annotation>
	<folder>desktop images</folder>
	<filename>103.jpg</filename>
	<path>C:\Users\dell\Pictures\desktop images\103.jpg</path>
	<source>
		<database>Unknown</database>
	</source>
	<size>
		<width>307</width>
		<height>320</height>
		<depth>3</depth>
	</size>
	<segmented>0</segmented>
	<object>
		<name>desktop</name>
		<pose>Unspecified</pose>
		<truncated>0</truncated>
		<difficult>0</difficult>
		<bndbox>
			<xmin>6</xmin>
			<ymin>14</ymin>
			<xmax>300</xmax>
			<ymax>308</ymax>
		</bndbox>
	</object>
</annotation>
