<annotation>
	<folder>desktop images</folder>
	<filename>105.jpg</filename>
	<path>C:\Users\dell\Pictures\desktop images\105.jpg</path>
	<source>
		<database>Unknown</database>
	</source>
	<size>
		<width>337</width>
		<height>218</height>
		<depth>3</depth>
	</size>
	<segmented>0</segmented>
	<object>
		<name>desktop</name>
		<pose>Unspecified</pose>
		<truncated>1</truncated>
		<difficult>0</difficult>
		<bndbox>
			<xmin>3</xmin>
			<ymin>1</ymin>
			<xmax>337</xmax>
			<ymax>218</ymax>
		</bndbox>
	</object>
</annotation>
