<annotation>
	<folder>desktop images</folder>
	<filename>110.jpg</filename>
	<path>C:\Users\dell\Pictures\desktop images\110.jpg</path>
	<source>
		<database>Unknown</database>
	</source>
	<size>
		<width>320</width>
		<height>136</height>
		<depth>3</depth>
	</size>
	<segmented>0</segmented>
	<object>
		<name>desktop</name>
		<pose>Unspecified</pose>
		<truncated>1</truncated>
		<difficult>0</difficult>
		<bndbox>
			<xmin>2</xmin>
			<ymin>5</ymin>
			<xmax>176</xmax>
			<ymax>136</ymax>
		</bndbox>
	</object>
</annotation>
