<annotation>
	<folder>desktop images</folder>
	<filename>112.jpg</filename>
	<path>C:\Users\dell\Pictures\desktop images\112.jpg</path>
	<source>
		<database>Unknown</database>
	</source>
	<size>
		<width>320</width>
		<height>234</height>
		<depth>3</depth>
	</size>
	<segmented>0</segmented>
	<object>
		<name>desktop</name>
		<pose>Unspecified</pose>
		<truncated>1</truncated>
		<difficult>0</difficult>
		<bndbox>
			<xmin>2</xmin>
			<ymin>8</ymin>
			<xmax>314</xmax>
			<ymax>234</ymax>
		</bndbox>
	</object>
</annotation>
