<annotation>
	<folder>desktop images</folder>
	<filename>113.jpg</filename>
	<path>C:\Users\dell\Pictures\desktop images\113.jpg</path>
	<source>
		<database>Unknown</database>
	</source>
	<size>
		<width>276</width>
		<height>218</height>
		<depth>3</depth>
	</size>
	<segmented>0</segmented>
	<object>
		<name>desktop</name>
		<pose>Unspecified</pose>
		<truncated>1</truncated>
		<difficult>0</difficult>
		<bndbox>
			<xmin>2</xmin>
			<ymin>7</ymin>
			<xmax>273</xmax>
			<ymax>218</ymax>
		</bndbox>
	</object>
</annotation>
