<annotation>
	<folder>desktop images</folder>
	<filename>79.PNG</filename>
	<path>C:\Users\dell\Pictures\desktop images\79.PNG</path>
	<source>
		<database>Unknown</database>
	</source>
	<size>
		<width>629</width>
		<height>462</height>
		<depth>3</depth>
	</size>
	<segmented>0</segmented>
	<object>
		<name>desktop</name>
		<pose>Unspecified</pose>
		<truncated>0</truncated>
		<difficult>0</difficult>
		<bndbox>
			<xmin>10</xmin>
			<ymin>27</ymin>
			<xmax>617</xmax>
			<ymax>439</ymax>
		</bndbox>
	</object>
</annotation>
