<annotation>
	<folder>desktop images</folder>
	<filename>80.PNG</filename>
	<path>C:\Users\dell\Pictures\desktop images\80.PNG</path>
	<source>
		<database>Unknown</database>
	</source>
	<size>
		<width>559</width>
		<height>571</height>
		<depth>3</depth>
	</size>
	<segmented>0</segmented>
	<object>
		<name>desktop</name>
		<pose>Unspecified</pose>
		<truncated>0</truncated>
		<difficult>0</difficult>
		<bndbox>
			<xmin>27</xmin>
			<ymin>77</ymin>
			<xmax>548</xmax>
			<ymax>489</ymax>
		</bndbox>
	</object>
</annotation>
