<annotation>
	<folder>desktop images</folder>
	<filename>81.PNG</filename>
	<path>C:\Users\dell\Pictures\desktop images\81.PNG</path>
	<source>
		<database>Unknown</database>
	</source>
	<size>
		<width>743</width>
		<height>553</height>
		<depth>3</depth>
	</size>
	<segmented>0</segmented>
	<object>
		<name>desktop</name>
		<pose>Unspecified</pose>
		<truncated>0</truncated>
		<difficult>0</difficult>
		<bndbox>
			<xmin>41</xmin>
			<ymin>25</ymin>
			<xmax>709</xmax>
			<ymax>491</ymax>
		</bndbox>
	</object>
</annotation>
