<annotation>
	<folder>desktop images</folder>
	<filename>82.PNG</filename>
	<path>C:\Users\dell\Pictures\desktop images\82.PNG</path>
	<source>
		<database>Unknown</database>
	</source>
	<size>
		<width>743</width>
		<height>670</height>
		<depth>3</depth>
	</size>
	<segmented>0</segmented>
	<object>
		<name>desktop</name>
		<pose>Unspecified</pose>
		<truncated>0</truncated>
		<difficult>0</difficult>
		<bndbox>
			<xmin>96</xmin>
			<ymin>172</ymin>
			<xmax>589</xmax>
			<ymax>497</ymax>
		</bndbox>
	</object>
</annotation>
