<annotation>
	<folder>desktop images</folder>
	<filename>83.PNG</filename>
	<path>C:\Users\dell\Pictures\desktop images\83.PNG</path>
	<source>
		<database>Unknown</database>
	</source>
	<size>
		<width>754</width>
		<height>617</height>
		<depth>3</depth>
	</size>
	<segmented>0</segmented>
	<object>
		<name>desktop</name>
		<pose>Unspecified</pose>
		<truncated>0</truncated>
		<difficult>0</difficult>
		<bndbox>
			<xmin>203</xmin>
			<ymin>148</ymin>
			<xmax>575</xmax>
			<ymax>531</ymax>
		</bndbox>
	</object>
</annotation>
