<annotation>
	<folder>desktop images</folder>
	<filename>84.PNG</filename>
	<path>C:\Users\dell\Pictures\desktop images\84.PNG</path>
	<source>
		<database>Unknown</database>
	</source>
	<size>
		<width>667</width>
		<height>677</height>
		<depth>3</depth>
	</size>
	<segmented>0</segmented>
	<object>
		<name>desktop</name>
		<pose>Unspecified</pose>
		<truncated>0</truncated>
		<difficult>0</difficult>
		<bndbox>
			<xmin>98</xmin>
			<ymin>44</ymin>
			<xmax>593</xmax>
			<ymax>650</ymax>
		</bndbox>
	</object>
</annotation>
