<annotation>
	<folder>desktop images</folder>
	<filename>85.PNG</filename>
	<path>C:\Users\dell\Pictures\desktop images\85.PNG</path>
	<source>
		<database>Unknown</database>
	</source>
	<size>
		<width>757</width>
		<height>678</height>
		<depth>3</depth>
	</size>
	<segmented>0</segmented>
	<object>
		<name>desktop</name>
		<pose>Unspecified</pose>
		<truncated>0</truncated>
		<difficult>0</difficult>
		<bndbox>
			<xmin>18</xmin>
			<ymin>78</ymin>
			<xmax>739</xmax>
			<ymax>596</ymax>
		</bndbox>
	</object>
</annotation>
