<annotation>
	<folder>desktop images</folder>
	<filename>86.PNG</filename>
	<path>C:\Users\dell\Pictures\desktop images\86.PNG</path>
	<source>
		<database>Unknown</database>
	</source>
	<size>
		<width>715</width>
		<height>667</height>
		<depth>3</depth>
	</size>
	<segmented>0</segmented>
	<object>
		<name>desktop</name>
		<pose>Unspecified</pose>
		<truncated>0</truncated>
		<difficult>0</difficult>
		<bndbox>
			<xmin>41</xmin>
			<ymin>19</ymin>
			<xmax>675</xmax>
			<ymax>631</ymax>
		</bndbox>
	</object>
</annotation>
