<annotation>
	<folder>desktop images</folder>
	<filename>87.PNG</filename>
	<path>C:\Users\dell\Pictures\desktop images\87.PNG</path>
	<source>
		<database>Unknown</database>
	</source>
	<size>
		<width>745</width>
		<height>691</height>
		<depth>3</depth>
	</size>
	<segmented>0</segmented>
	<object>
		<name>desktop</name>
		<pose>Unspecified</pose>
		<truncated>0</truncated>
		<difficult>0</difficult>
		<bndbox>
			<xmin>166</xmin>
			<ymin>254</ymin>
			<xmax>606</xmax>
			<ymax>553</ymax>
		</bndbox>
	</object>
</annotation>
