<annotation>
	<folder>desktop images</folder>
	<filename>88.jpg</filename>
	<path>C:\Users\dell\Pictures\desktop images\88.jpg</path>
	<source>
		<database>Unknown</database>
	</source>
	<size>
		<width>396</width>
		<height>218</height>
		<depth>3</depth>
	</size>
	<segmented>0</segmented>
	<object>
		<name>desktop</name>
		<pose>Unspecified</pose>
		<truncated>1</truncated>
		<difficult>0</difficult>
		<bndbox>
			<xmin>4</xmin>
			<ymin>1</ymin>
			<xmax>394</xmax>
			<ymax>214</ymax>
		</bndbox>
	</object>
</annotation>
