<annotation>
	<folder>desktop images</folder>
	<filename>90.jpg</filename>
	<path>C:\Users\dell\Pictures\desktop images\90.jpg</path>
	<source>
		<database>Unknown</database>
	</source>
	<size>
		<width>320</width>
		<height>188</height>
		<depth>3</depth>
	</size>
	<segmented>0</segmented>
	<object>
		<name>desktop</name>
		<pose>Unspecified</pose>
		<truncated>1</truncated>
		<difficult>0</difficult>
		<bndbox>
			<xmin>109</xmin>
			<ymin>4</ymin>
			<xmax>320</xmax>
			<ymax>187</ymax>
		</bndbox>
	</object>
</annotation>
