<annotation>
	<folder>desktop images</folder>
	<filename>94.jpg</filename>
	<path>C:\Users\dell\Pictures\desktop images\94.jpg</path>
	<source>
		<database>Unknown</database>
	</source>
	<size>
		<width>320</width>
		<height>280</height>
		<depth>3</depth>
	</size>
	<segmented>0</segmented>
	<object>
		<name>desktop</name>
		<pose>Unspecified</pose>
		<truncated>0</truncated>
		<difficult>0</difficult>
		<bndbox>
			<xmin>7</xmin>
			<ymin>4</ymin>
			<xmax>315</xmax>
			<ymax>268</ymax>
		</bndbox>
	</object>
</annotation>
