<annotation>
	<folder>desktop images</folder>
	<filename>98.jpg</filename>
	<path>C:\Users\dell\Pictures\desktop images\98.jpg</path>
	<source>
		<database>Unknown</database>
	</source>
	<size>
		<width>320</width>
		<height>240</height>
		<depth>3</depth>
	</size>
	<segmented>0</segmented>
	<object>
		<name>desktop</name>
		<pose>Unspecified</pose>
		<truncated>0</truncated>
		<difficult>0</difficult>
		<bndbox>
			<xmin>2</xmin>
			<ymin>8</ymin>
			<xmax>316</xmax>
			<ymax>238</ymax>
		</bndbox>
	</object>
</annotation>
