<annotation>
	<folder>desktop images</folder>
	<filename>31.PNG</filename>
	<path>C:\Users\dell\Pictures\desktop images\31.PNG</path>
	<source>
		<database>Unknown</database>
	</source>
	<size>
		<width>764</width>
		<height>512</height>
		<depth>3</depth>
	</size>
	<segmented>0</segmented>
	<object>
		<name>desktop</name>
		<pose>Unspecified</pose>
		<truncated>0</truncated>
		<difficult>0</difficult>
		<bndbox>
			<xmin>76</xmin>
			<ymin>11</ymin>
			<xmax>691</xmax>
			<ymax>502</ymax>
		</bndbox>
	</object>
</annotation>
