<annotation>
	<folder>desktop images</folder>
	<filename>32.PNG</filename>
	<path>C:\Users\dell\Pictures\desktop images\32.PNG</path>
	<source>
		<database>Unknown</database>
	</source>
	<size>
		<width>623</width>
		<height>595</height>
		<depth>3</depth>
	</size>
	<segmented>0</segmented>
	<object>
		<name>desktop</name>
		<pose>Unspecified</pose>
		<truncated>1</truncated>
		<difficult>0</difficult>
		<bndbox>
			<xmin>6</xmin>
			<ymin>118</ymin>
			<xmax>623</xmax>
			<ymax>503</ymax>
		</bndbox>
	</object>
</annotation>
