<annotation>
	<folder>desktop images</folder>
	<filename>34.PNG</filename>
	<path>C:\Users\dell\Pictures\desktop images\34.PNG</path>
	<source>
		<database>Unknown</database>
	</source>
	<size>
		<width>582</width>
		<height>574</height>
		<depth>3</depth>
	</size>
	<segmented>0</segmented>
	<object>
		<name>desktop</name>
		<pose>Unspecified</pose>
		<truncated>0</truncated>
		<difficult>0</difficult>
		<bndbox>
			<xmin>53</xmin>
			<ymin>89</ymin>
			<xmax>561</xmax>
			<ymax>521</ymax>
		</bndbox>
	</object>
</annotation>
