<annotation>
	<folder>desktop images</folder>
	<filename>35.PNG</filename>
	<path>C:\Users\dell\Pictures\desktop images\35.PNG</path>
	<source>
		<database>Unknown</database>
	</source>
	<size>
		<width>958</width>
		<height>855</height>
		<depth>3</depth>
	</size>
	<segmented>0</segmented>
	<object>
		<name>desktop</name>
		<pose>Unspecified</pose>
		<truncated>0</truncated>
		<difficult>0</difficult>
		<bndbox>
			<xmin>33</xmin>
			<ymin>66</ymin>
			<xmax>938</xmax>
			<ymax>817</ymax>
		</bndbox>
	</object>
</annotation>
