<annotation>
	<folder>desktop images</folder>
	<filename>36.PNG</filename>
	<path>C:\Users\dell\Pictures\desktop images\36.PNG</path>
	<source>
		<database>Unknown</database>
	</source>
	<size>
		<width>824</width>
		<height>898</height>
		<depth>3</depth>
	</size>
	<segmented>0</segmented>
	<object>
		<name>desktop</name>
		<pose>Unspecified</pose>
		<truncated>0</truncated>
		<difficult>0</difficult>
		<bndbox>
			<xmin>26</xmin>
			<ymin>40</ymin>
			<xmax>801</xmax>
			<ymax>878</ymax>
		</bndbox>
	</object>
</annotation>
