<annotation>
	<folder>desktop images</folder>
	<filename>37.PNG</filename>
	<path>C:\Users\dell\Pictures\desktop images\37.PNG</path>
	<source>
		<database>Unknown</database>
	</source>
	<size>
		<width>1031</width>
		<height>911</height>
		<depth>3</depth>
	</size>
	<segmented>0</segmented>
	<object>
		<name>desktop</name>
		<pose>Unspecified</pose>
		<truncated>1</truncated>
		<difficult>0</difficult>
		<bndbox>
			<xmin>41</xmin>
			<ymin>13</ymin>
			<xmax>1031</xmax>
			<ymax>893</ymax>
		</bndbox>
	</object>
</annotation>
