<annotation>
	<folder>desktop images</folder>
	<filename>40.PNG</filename>
	<path>C:\Users\dell\Pictures\desktop images\40.PNG</path>
	<source>
		<database>Unknown</database>
	</source>
	<size>
		<width>952</width>
		<height>699</height>
		<depth>3</depth>
	</size>
	<segmented>0</segmented>
	<object>
		<name>desktop</name>
		<pose>Unspecified</pose>
		<truncated>0</truncated>
		<difficult>0</difficult>
		<bndbox>
			<xmin>176</xmin>
			<ymin>210</ymin>
			<xmax>930</xmax>
			<ymax>660</ymax>
		</bndbox>
	</object>
</annotation>
