<annotation>
	<folder>desktop images</folder>
	<filename>41.PNG</filename>
	<path>C:\Users\dell\Pictures\desktop images\41.PNG</path>
	<source>
		<database>Unknown</database>
	</source>
	<size>
		<width>1237</width>
		<height>884</height>
		<depth>3</depth>
	</size>
	<segmented>0</segmented>
	<object>
		<name>desktop</name>
		<pose>Unspecified</pose>
		<truncated>0</truncated>
		<difficult>0</difficult>
		<bndbox>
			<xmin>213</xmin>
			<ymin>108</ymin>
			<xmax>956</xmax>
			<ymax>863</ymax>
		</bndbox>
	</object>
</annotation>
