<annotation>
	<folder>desktop images</folder>
	<filename>42.PNG</filename>
	<path>C:\Users\dell\Pictures\desktop images\42.PNG</path>
	<source>
		<database>Unknown</database>
	</source>
	<size>
		<width>1600</width>
		<height>922</height>
		<depth>3</depth>
	</size>
	<segmented>0</segmented>
	<object>
		<name>desktop</name>
		<pose>Unspecified</pose>
		<truncated>0</truncated>
		<difficult>0</difficult>
		<bndbox>
			<xmin>146</xmin>
			<ymin>55</ymin>
			<xmax>1533</xmax>
			<ymax>861</ymax>
		</bndbox>
	</object>
</annotation>
