<annotation>
	<folder>desktop images</folder>
	<filename>43.PNG</filename>
	<path>C:\Users\dell\Pictures\desktop images\43.PNG</path>
	<source>
		<database>Unknown</database>
	</source>
	<size>
		<width>1167</width>
		<height>887</height>
		<depth>3</depth>
	</size>
	<segmented>0</segmented>
	<object>
		<name>desktop</name>
		<pose>Unspecified</pose>
		<truncated>0</truncated>
		<difficult>0</difficult>
		<bndbox>
			<xmin>13</xmin>
			<ymin>52</ymin>
			<xmax>1162</xmax>
			<ymax>833</ymax>
		</bndbox>
	</object>
</annotation>
