<annotation>
	<folder>desktop images</folder>
	<filename>44.PNG</filename>
	<path>C:\Users\dell\Pictures\desktop images\44.PNG</path>
	<source>
		<database>Unknown</database>
	</source>
	<size>
		<width>622</width>
		<height>627</height>
		<depth>3</depth>
	</size>
	<segmented>0</segmented>
	<object>
		<name>desktop</name>
		<pose>Unspecified</pose>
		<truncated>0</truncated>
		<difficult>0</difficult>
		<bndbox>
			<xmin>15</xmin>
			<ymin>47</ymin>
			<xmax>621</xmax>
			<ymax>581</ymax>
		</bndbox>
	</object>
</annotation>
