<annotation>
	<folder>desktop images</folder>
	<filename>45.PNG</filename>
	<path>C:\Users\dell\Pictures\desktop images\45.PNG</path>
	<source>
		<database>Unknown</database>
	</source>
	<size>
		<width>1652</width>
		<height>931</height>
		<depth>3</depth>
	</size>
	<segmented>0</segmented>
	<object>
		<name>desktop</name>
		<pose>Unspecified</pose>
		<truncated>0</truncated>
		<difficult>0</difficult>
		<bndbox>
			<xmin>242</xmin>
			<ymin>48</ymin>
			<xmax>1199</xmax>
			<ymax>917</ymax>
		</bndbox>
	</object>
</annotation>
