<annotation>
	<folder>desktop images</folder>
	<filename>46.PNG</filename>
	<path>C:\Users\dell\Pictures\desktop images\46.PNG</path>
	<source>
		<database>Unknown</database>
	</source>
	<size>
		<width>672</width>
		<height>792</height>
		<depth>3</depth>
	</size>
	<segmented>0</segmented>
	<object>
		<name>desktop</name>
		<pose>Unspecified</pose>
		<truncated>0</truncated>
		<difficult>0</difficult>
		<bndbox>
			<xmin>10</xmin>
			<ymin>45</ymin>
			<xmax>637</xmax>
			<ymax>723</ymax>
		</bndbox>
	</object>
</annotation>
