<annotation>
	<folder>desktop images</folder>
	<filename>48.PNG</filename>
	<path>C:\Users\dell\Pictures\desktop images\48.PNG</path>
	<source>
		<database>Unknown</database>
	</source>
	<size>
		<width>1011</width>
		<height>583</height>
		<depth>3</depth>
	</size>
	<segmented>0</segmented>
	<object>
		<name>desktop</name>
		<pose>Unspecified</pose>
		<truncated>0</truncated>
		<difficult>0</difficult>
		<bndbox>
			<xmin>272</xmin>
			<ymin>2</ymin>
			<xmax>867</xmax>
			<ymax>580</ymax>
		</bndbox>
	</object>
</annotation>
