<annotation>
	<folder>desktop images</folder>
	<filename>49.PNG</filename>
	<path>C:\Users\dell\Pictures\desktop images\49.PNG</path>
	<source>
		<database>Unknown</database>
	</source>
	<size>
		<width>940</width>
		<height>889</height>
		<depth>3</depth>
	</size>
	<segmented>0</segmented>
	<object>
		<name>desktop</name>
		<pose>Unspecified</pose>
		<truncated>1</truncated>
		<difficult>0</difficult>
		<bndbox>
			<xmin>4</xmin>
			<ymin>22</ymin>
			<xmax>940</xmax>
			<ymax>859</ymax>
		</bndbox>
	</object>
</annotation>
