<annotation>
	<folder>desktop images</folder>
	<filename>50.PNG</filename>
	<path>C:\Users\dell\Pictures\desktop images\50.PNG</path>
	<source>
		<database>Unknown</database>
	</source>
	<size>
		<width>1304</width>
		<height>895</height>
		<depth>3</depth>
	</size>
	<segmented>0</segmented>
	<object>
		<name>desktop</name>
		<pose>Unspecified</pose>
		<truncated>0</truncated>
		<difficult>0</difficult>
		<bndbox>
			<xmin>123</xmin>
			<ymin>52</ymin>
			<xmax>1041</xmax>
			<ymax>820</ymax>
		</bndbox>
	</object>
</annotation>
