<annotation>
	<folder>desktop images</folder>
	<filename>51.PNG</filename>
	<path>C:\Users\dell\Pictures\desktop images\51.PNG</path>
	<source>
		<database>Unknown</database>
	</source>
	<size>
		<width>906</width>
		<height>877</height>
		<depth>3</depth>
	</size>
	<segmented>0</segmented>
	<object>
		<name>desktop</name>
		<pose>Unspecified</pose>
		<truncated>0</truncated>
		<difficult>0</difficult>
		<bndbox>
			<xmin>73</xmin>
			<ymin>107</ymin>
			<xmax>901</xmax>
			<ymax>599</ymax>
		</bndbox>
	</object>
	<object>
		<name>desktop</name>
		<pose>Unspecified</pose>
		<truncated>0</truncated>
		<difficult>0</difficult>
		<bndbox>
			<xmin>74</xmin>
			<ymin>106</ymin>
			<xmax>901</xmax>
			<ymax>599</ymax>
		</bndbox>
	</object>
</annotation>
