<annotation>
	<folder>desktop images</folder>
	<filename>52.PNG</filename>
	<path>C:\Users\dell\Pictures\desktop images\52.PNG</path>
	<source>
		<database>Unknown</database>
	</source>
	<size>
		<width>1498</width>
		<height>780</height>
		<depth>3</depth>
	</size>
	<segmented>0</segmented>
	<object>
		<name>desktop</name>
		<pose>Unspecified</pose>
		<truncated>1</truncated>
		<difficult>0</difficult>
		<bndbox>
			<xmin>852</xmin>
			<ymin>2</ymin>
			<xmax>1498</xmax>
			<ymax>703</ymax>
		</bndbox>
	</object>
</annotation>
