<annotation>
	<folder>desktop images</folder>
	<filename>53.PNG</filename>
	<path>C:\Users\dell\Pictures\desktop images\53.PNG</path>
	<source>
		<database>Unknown</database>
	</source>
	<size>
		<width>961</width>
		<height>561</height>
		<depth>3</depth>
	</size>
	<segmented>0</segmented>
	<object>
		<name>desktop</name>
		<pose>Unspecified</pose>
		<truncated>0</truncated>
		<difficult>0</difficult>
		<bndbox>
			<xmin>26</xmin>
			<ymin>5</ymin>
			<xmax>863</xmax>
			<ymax>551</ymax>
		</bndbox>
	</object>
</annotation>
