<annotation>
	<folder>desktop images</folder>
	<filename>54.PNG</filename>
	<path>C:\Users\dell\Pictures\desktop images\54.PNG</path>
	<source>
		<database>Unknown</database>
	</source>
	<size>
		<width>1386</width>
		<height>924</height>
		<depth>3</depth>
	</size>
	<segmented>0</segmented>
	<object>
		<name>desktop</name>
		<pose>Unspecified</pose>
		<truncated>0</truncated>
		<difficult>0</difficult>
		<bndbox>
			<xmin>260</xmin>
			<ymin>29</ymin>
			<xmax>1171</xmax>
			<ymax>886</ymax>
		</bndbox>
	</object>
</annotation>
