<annotation>
	<folder>desktop images</folder>
	<filename>55.PNG</filename>
	<path>C:\Users\dell\Pictures\desktop images\55.PNG</path>
	<source>
		<database>Unknown</database>
	</source>
	<size>
		<width>990</width>
		<height>733</height>
		<depth>3</depth>
	</size>
	<segmented>0</segmented>
	<object>
		<name>desktop</name>
		<pose>Unspecified</pose>
		<truncated>0</truncated>
		<difficult>0</difficult>
		<bndbox>
			<xmin>78</xmin>
			<ymin>107</ymin>
			<xmax>924</xmax>
			<ymax>569</ymax>
		</bndbox>
	</object>
</annotation>
