<annotation>
	<folder>desktop images</folder>
	<filename>57.PNG</filename>
	<path>C:\Users\dell\Pictures\desktop images\57.PNG</path>
	<source>
		<database>Unknown</database>
	</source>
	<size>
		<width>798</width>
		<height>599</height>
		<depth>3</depth>
	</size>
	<segmented>0</segmented>
	<object>
		<name>desktop</name>
		<pose>Unspecified</pose>
		<truncated>0</truncated>
		<difficult>0</difficult>
		<bndbox>
			<xmin>33</xmin>
			<ymin>73</ymin>
			<xmax>764</xmax>
			<ymax>572</ymax>
		</bndbox>
	</object>
</annotation>
