<annotation>
	<folder>desktop images</folder>
	<filename>58.PNG</filename>
	<path>C:\Users\dell\Pictures\desktop images\58.PNG</path>
	<source>
		<database>Unknown</database>
	</source>
	<size>
		<width>1589</width>
		<height>899</height>
		<depth>3</depth>
	</size>
	<segmented>0</segmented>
	<object>
		<name>desktop</name>
		<pose>Unspecified</pose>
		<truncated>0</truncated>
		<difficult>0</difficult>
		<bndbox>
			<xmin>764</xmin>
			<ymin>12</ymin>
			<xmax>1429</xmax>
			<ymax>693</ymax>
		</bndbox>
	</object>
</annotation>
