<annotation>
	<folder>desktop images</folder>
	<filename>59.PNG</filename>
	<path>C:\Users\dell\Pictures\desktop images\59.PNG</path>
	<source>
		<database>Unknown</database>
	</source>
	<size>
		<width>871</width>
		<height>489</height>
		<depth>3</depth>
	</size>
	<segmented>0</segmented>
	<object>
		<name>desktop</name>
		<pose>Unspecified</pose>
		<truncated>0</truncated>
		<difficult>0</difficult>
		<bndbox>
			<xmin>136</xmin>
			<ymin>31</ymin>
			<xmax>632</xmax>
			<ymax>394</ymax>
		</bndbox>
	</object>
</annotation>
