<annotation>
	<folder>desktop images</folder>
	<filename>60.PNG</filename>
	<path>C:\Users\dell\Pictures\desktop images\60.PNG</path>
	<source>
		<database>Unknown</database>
	</source>
	<size>
		<width>492</width>
		<height>379</height>
		<depth>3</depth>
	</size>
	<segmented>0</segmented>
	<object>
		<name>desktop</name>
		<pose>Unspecified</pose>
		<truncated>0</truncated>
		<difficult>0</difficult>
		<bndbox>
			<xmin>134</xmin>
			<ymin>61</ymin>
			<xmax>479</xmax>
			<ymax>373</ymax>
		</bndbox>
	</object>
</annotation>
