<annotation>
	<folder>desktop images</folder>
	<filename>61.PNG</filename>
	<path>C:\Users\dell\Pictures\desktop images\61.PNG</path>
	<source>
		<database>Unknown</database>
	</source>
	<size>
		<width>696</width>
		<height>736</height>
		<depth>3</depth>
	</size>
	<segmented>0</segmented>
	<object>
		<name>desktop</name>
		<pose>Unspecified</pose>
		<truncated>0</truncated>
		<difficult>0</difficult>
		<bndbox>
			<xmin>163</xmin>
			<ymin>338</ymin>
			<xmax>606</xmax>
			<ymax>699</ymax>
		</bndbox>
	</object>
</annotation>
