<annotation>
	<folder>desktop images</folder>
	<filename>62.PNG</filename>
	<path>C:\Users\dell\Pictures\desktop images\62.PNG</path>
	<source>
		<database>Unknown</database>
	</source>
	<size>
		<width>561</width>
		<height>717</height>
		<depth>3</depth>
	</size>
	<segmented>0</segmented>
	<object>
		<name>desktop</name>
		<pose>Unspecified</pose>
		<truncated>0</truncated>
		<difficult>0</difficult>
		<bndbox>
			<xmin>191</xmin>
			<ymin>252</ymin>
			<xmax>435</xmax>
			<ymax>456</ymax>
		</bndbox>
	</object>
</annotation>
