<annotation>
	<folder>desktop images</folder>
	<filename>64.PNG</filename>
	<path>C:\Users\dell\Pictures\desktop images\64.PNG</path>
	<source>
		<database>Unknown</database>
	</source>
	<size>
		<width>738</width>
		<height>555</height>
		<depth>3</depth>
	</size>
	<segmented>0</segmented>
	<object>
		<name>desktop</name>
		<pose>Unspecified</pose>
		<truncated>0</truncated>
		<difficult>0</difficult>
		<bndbox>
			<xmin>136</xmin>
			<ymin>12</ymin>
			<xmax>685</xmax>
			<ymax>479</ymax>
		</bndbox>
	</object>
</annotation>
