<annotation>
	<folder>desktop images</folder>
	<filename>65.PNG</filename>
	<path>C:\Users\dell\Pictures\desktop images\65.PNG</path>
	<source>
		<database>Unknown</database>
	</source>
	<size>
		<width>749</width>
		<height>719</height>
		<depth>3</depth>
	</size>
	<segmented>0</segmented>
	<object>
		<name>desktop</name>
		<pose>Unspecified</pose>
		<truncated>0</truncated>
		<difficult>0</difficult>
		<bndbox>
			<xmin>378</xmin>
			<ymin>82</ymin>
			<xmax>745</xmax>
			<ymax>535</ymax>
		</bndbox>
	</object>
</annotation>
