<annotation>
	<folder>desktop images</folder>
	<filename>66.PNG</filename>
	<path>C:\Users\dell\Pictures\desktop images\66.PNG</path>
	<source>
		<database>Unknown</database>
	</source>
	<size>
		<width>744</width>
		<height>756</height>
		<depth>3</depth>
	</size>
	<segmented>0</segmented>
	<object>
		<name>desktop</name>
		<pose>Unspecified</pose>
		<truncated>0</truncated>
		<difficult>0</difficult>
		<bndbox>
			<xmin>90</xmin>
			<ymin>166</ymin>
			<xmax>509</xmax>
			<ymax>548</ymax>
		</bndbox>
	</object>
</annotation>
