<annotation>
	<folder>desktop images</folder>
	<filename>67.PNG</filename>
	<path>C:\Users\dell\Pictures\desktop images\67.PNG</path>
	<source>
		<database>Unknown</database>
	</source>
	<size>
		<width>590</width>
		<height>750</height>
		<depth>3</depth>
	</size>
	<segmented>0</segmented>
	<object>
		<name>desktop</name>
		<pose>Unspecified</pose>
		<truncated>0</truncated>
		<difficult>0</difficult>
		<bndbox>
			<xmin>179</xmin>
			<ymin>223</ymin>
			<xmax>405</xmax>
			<ymax>438</ymax>
		</bndbox>
	</object>
</annotation>
