<annotation>
	<folder>desktop images</folder>
	<filename>68.PNG</filename>
	<path>C:\Users\dell\Pictures\desktop images\68.PNG</path>
	<source>
		<database>Unknown</database>
	</source>
	<size>
		<width>891</width>
		<height>747</height>
		<depth>3</depth>
	</size>
	<segmented>0</segmented>
	<object>
		<name>desktop</name>
		<pose>Unspecified</pose>
		<truncated>0</truncated>
		<difficult>0</difficult>
		<bndbox>
			<xmin>10</xmin>
			<ymin>10</ymin>
			<xmax>876</xmax>
			<ymax>743</ymax>
		</bndbox>
	</object>
</annotation>
