<annotation>
	<folder>desktop images</folder>
	<filename>69.PNG</filename>
	<path>C:\Users\dell\Pictures\desktop images\69.PNG</path>
	<source>
		<database>Unknown</database>
	</source>
	<size>
		<width>616</width>
		<height>465</height>
		<depth>3</depth>
	</size>
	<segmented>0</segmented>
	<object>
		<name>desktop</name>
		<pose>Unspecified</pose>
		<truncated>0</truncated>
		<difficult>0</difficult>
		<bndbox>
			<xmin>25</xmin>
			<ymin>18</ymin>
			<xmax>583</xmax>
			<ymax>438</ymax>
		</bndbox>
	</object>
</annotation>
