<annotation>
	<folder>desktop images</folder>
	<filename>70.PNG</filename>
	<path>C:\Users\dell\Pictures\desktop images\70.PNG</path>
	<source>
		<database>Unknown</database>
	</source>
	<size>
		<width>625</width>
		<height>609</height>
		<depth>3</depth>
	</size>
	<segmented>0</segmented>
	<object>
		<name>desktop</name>
		<pose>Unspecified</pose>
		<truncated>1</truncated>
		<difficult>0</difficult>
		<bndbox>
			<xmin>8</xmin>
			<ymin>73</ymin>
			<xmax>625</xmax>
			<ymax>515</ymax>
		</bndbox>
	</object>
</annotation>
