<annotation>
	<folder>desktop images</folder>
	<filename>71.PNG</filename>
	<path>C:\Users\dell\Pictures\desktop images\71.PNG</path>
	<source>
		<database>Unknown</database>
	</source>
	<size>
		<width>435</width>
		<height>317</height>
		<depth>3</depth>
	</size>
	<segmented>0</segmented>
	<object>
		<name>desktop</name>
		<pose>Unspecified</pose>
		<truncated>1</truncated>
		<difficult>0</difficult>
		<bndbox>
			<xmin>1</xmin>
			<ymin>14</ymin>
			<xmax>423</xmax>
			<ymax>313</ymax>
		</bndbox>
	</object>
</annotation>
