<annotation>
	<folder>desktop images</folder>
	<filename>72.PNG</filename>
	<path>C:\Users\dell\Pictures\desktop images\72.PNG</path>
	<source>
		<database>Unknown</database>
	</source>
	<size>
		<width>464</width>
		<height>463</height>
		<depth>3</depth>
	</size>
	<segmented>0</segmented>
	<object>
		<name>desktop</name>
		<pose>Unspecified</pose>
		<truncated>0</truncated>
		<difficult>0</difficult>
		<bndbox>
			<xmin>11</xmin>
			<ymin>44</ymin>
			<xmax>450</xmax>
			<ymax>416</ymax>
		</bndbox>
	</object>
</annotation>
