<annotation>
	<folder>desktop images</folder>
	<filename>73.PNG</filename>
	<path>C:\Users\dell\Pictures\desktop images\73.PNG</path>
	<source>
		<database>Unknown</database>
	</source>
	<size>
		<width>563</width>
		<height>419</height>
		<depth>3</depth>
	</size>
	<segmented>0</segmented>
	<object>
		<name>desktop</name>
		<pose>Unspecified</pose>
		<truncated>0</truncated>
		<difficult>0</difficult>
		<bndbox>
			<xmin>56</xmin>
			<ymin>3</ymin>
			<xmax>478</xmax>
			<ymax>414</ymax>
		</bndbox>
	</object>
</annotation>
