<annotation>
	<folder>desktop images</folder>
	<filename>74.PNG</filename>
	<path>C:\Users\dell\Pictures\desktop images\74.PNG</path>
	<source>
		<database>Unknown</database>
	</source>
	<size>
		<width>612</width>
		<height>611</height>
		<depth>3</depth>
	</size>
	<segmented>0</segmented>
	<object>
		<name>desktop</name>
		<pose>Unspecified</pose>
		<truncated>0</truncated>
		<difficult>0</difficult>
		<bndbox>
			<xmin>17</xmin>
			<ymin>124</ymin>
			<xmax>592</xmax>
			<ymax>537</ymax>
		</bndbox>
	</object>
</annotation>
