<annotation>
	<folder>desktop images</folder>
	<filename>75.PNG</filename>
	<path>C:\Users\dell\Pictures\desktop images\75.PNG</path>
	<source>
		<database>Unknown</database>
	</source>
	<size>
		<width>1240</width>
		<height>928</height>
		<depth>3</depth>
	</size>
	<segmented>0</segmented>
	<object>
		<name>desktop</name>
		<pose>Unspecified</pose>
		<truncated>0</truncated>
		<difficult>0</difficult>
		<bndbox>
			<xmin>87</xmin>
			<ymin>102</ymin>
			<xmax>1094</xmax>
			<ymax>912</ymax>
		</bndbox>
	</object>
</annotation>
