<annotation>
	<folder>desktop images</folder>
	<filename>76.PNG</filename>
	<path>C:\Users\dell\Pictures\desktop images\76.PNG</path>
	<source>
		<database>Unknown</database>
	</source>
	<size>
		<width>784</width>
		<height>523</height>
		<depth>3</depth>
	</size>
	<segmented>0</segmented>
	<object>
		<name>desktop</name>
		<pose>Unspecified</pose>
		<truncated>0</truncated>
		<difficult>0</difficult>
		<bndbox>
			<xmin>182</xmin>
			<ymin>30</ymin>
			<xmax>649</xmax>
			<ymax>494</ymax>
		</bndbox>
	</object>
</annotation>
