<annotation>
	<folder>desktop images</folder>
	<filename>77.PNG</filename>
	<path>C:\Users\dell\Pictures\desktop images\77.PNG</path>
	<source>
		<database>Unknown</database>
	</source>
	<size>
		<width>559</width>
		<height>424</height>
		<depth>3</depth>
	</size>
	<segmented>0</segmented>
	<object>
		<name>desktop</name>
		<pose>Unspecified</pose>
		<truncated>0</truncated>
		<difficult>0</difficult>
		<bndbox>
			<xmin>12</xmin>
			<ymin>9</ymin>
			<xmax>550</xmax>
			<ymax>411</ymax>
		</bndbox>
	</object>
</annotation>
