<annotation>
	<folder>desktop images</folder>
	<filename>78.PNG</filename>
	<path>C:\Users\dell\Pictures\desktop images\78.PNG</path>
	<source>
		<database>Unknown</database>
	</source>
	<size>
		<width>779</width>
		<height>903</height>
		<depth>3</depth>
	</size>
	<segmented>0</segmented>
	<object>
		<name>desktop</name>
		<pose>Unspecified</pose>
		<truncated>0</truncated>
		<difficult>0</difficult>
		<bndbox>
			<xmin>75</xmin>
			<ymin>66</ymin>
			<xmax>759</xmax>
			<ymax>858</ymax>
		</bndbox>
	</object>
</annotation>
